City,Latitude,Longitude,Max Temp,Humidity,Cloudiness,Wind Speed,Country,Date
albany,42.6001,-73.9662,60.53,83.0,34.0,2.53,US,1627795760.0
mataura,-46.1927,168.8643,48.47,99.0,100.0,1.48,NZ,1627795964.0
rikitea,-23.1203,-134.9692,70.47,72.0,44.0,19.57,PF,1627796011.0
namatanai,-3.6667,152.4333,82.92,70.0,29.0,3.47,PG,1627796013.0
labuhan,-6.8844,112.2051,87.8,56.0,14.0,6.51,ID,1627796014.0
jacqueville,5.2052,-4.4146,78.71,87.0,59.0,6.96,CI,1627796015.0
doctor pedro p. pena,,,,,,,,
boden,65.8252,21.6886,59.0,82.0,99.0,4.61,SE,1627796018.0
zastron,-30.3023,27.084,44.24,27.0,23.0,4.76,ZA,1627796019.0
mayor pablo lagerenza,-19.9309,-60.7718,63.81,20.0,84.0,7.31,PY,1627796021.0
qaanaaq,77.484,-69.3632,38.53,95.0,87.0,2.21,GL,1627796022.0
tiksi,71.6872,128.8694,47.55,73.0,35.0,8.7,RU,1627796023.0
karimganj,24.8667,92.35,82.08,87.0,99.0,3.13,IN,1627796025.0
provideniya,64.3833,-173.3,44.8,80.0,96.0,6.73,RU,1627796026.0
ukiah,39.1502,-123.2078,74.01,59.0,0.0,0.6,US,1627795801.0
grand-santi,4.25,-54.3833,71.44,99.0,95.0,1.59,GF,1627796028.0
hobart,-42.8794,147.3294,51.26,68.0,40.0,3.0,AU,1627796030.0
palu,-0.8917,119.8707,84.54,82.0,41.0,4.03,ID,1627796031.0
bluff,-46.6,168.3333,48.79,92.0,90.0,3.65,NZ,1627796032.0
atuona,-9.8,-139.0333,77.27,65.0,67.0,14.09,PF,1627796034.0
tsihombe,,,,,,,,
khatanga,71.9667,102.5,73.47,49.0,100.0,2.82,RU,1627796036.0
punta arenas,-53.15,-70.9167,42.91,75.0,0.0,16.11,CL,1627795799.0
palana,59.1167,159.9667,48.58,64.0,64.0,8.86,RU,1627796039.0
uruzgan,32.8333,66.0,87.33,12.0,1.0,5.12,AF,1627796040.0
vanimo,-2.6741,141.3028,83.86,75.0,20.0,6.73,PG,1627796037.0
lata,40.1629,-8.3327,58.82,97.0,44.0,2.77,PT,1627796042.0
port hawkesbury,45.6169,-61.3485,60.96,85.0,1.0,1.99,CA,1627796044.0
ushuaia,-54.8,-68.3,46.06,49.0,40.0,25.32,AR,1627795901.0
kaitangata,-46.2817,169.8464,48.63,97.0,100.0,0.96,NZ,1627796046.0
jamestown,42.097,-79.2353,64.71,90.0,75.0,3.0,US,1627796048.0
ancud,-41.8697,-73.8203,33.33,85.0,81.0,2.73,CL,1627796049.0
busselton,-33.65,115.3333,51.08,65.0,70.0,24.61,AU,1627795896.0
mys shmidta,,,,,,,,
san patricio,28.017,-97.5169,84.85,78.0,25.0,13.13,US,1627796053.0
longyearbyen,78.2186,15.6401,44.44,70.0,20.0,16.11,SJ,1627796054.0
dali,25.7,100.1833,76.8,52.0,32.0,1.48,CN,1627795981.0
polovinnoye,54.7914,65.9864,79.59,54.0,30.0,11.36,RU,1627796057.0
guerrero negro,27.9769,-114.0611,71.98,81.0,5.0,11.7,MX,1627796058.0
vaini,-21.2,-175.2,73.56,78.0,20.0,25.32,TO,1627796059.0
kristinehamn,59.3098,14.1081,60.78,86.0,95.0,9.28,SE,1627796061.0
saint combs,,,,,,,,
san cristobal,7.7669,-72.225,65.62,96.0,91.0,5.14,VE,1627796063.0
poum,-20.2333,164.0167,70.56,60.0,3.0,20.8,NC,1627796064.0
attawapiskat,,,,,,,,
bambanglipuro,-7.95,110.2833,82.13,67.0,75.0,15.43,ID,1627796067.0
rorvik,64.8621,11.2373,53.13,74.0,100.0,14.03,NO,1627796068.0
rayachoti,14.05,78.75,86.83,41.0,75.0,22.5,IN,1627796070.0
port alfred,-33.5906,26.891,64.36,32.0,77.0,9.28,ZA,1627796071.0
baykit,61.67,96.37,76.1,37.0,89.0,3.2,RU,1627796072.0
georgetown,5.4112,100.3354,87.73,89.0,40.0,1.99,MY,1627796071.0
washougal,45.5826,-122.3534,78.37,70.0,1.0,0.0,US,1627796075.0
collierville,35.042,-89.6645,85.75,80.0,1.0,4.61,US,1627795964.0
cayenne,4.9333,-52.3333,79.09,87.0,20.0,0.0,GF,1627795805.0
nouadhibou,20.931,-17.0347,69.78,88.0,4.0,6.91,MR,1627796078.0
oktyabrskoye,43.0645,44.7417,73.54,64.0,9.0,2.24,RU,1627796080.0
barrow,71.2906,-156.7887,57.22,74.0,90.0,17.27,US,1627796081.0
bargal,,,,,,,,
arraial do cabo,-22.9661,-42.0278,66.42,59.0,100.0,14.34,BR,1627796083.0
mar del plata,-38.0023,-57.5575,46.13,29.0,7.0,1.99,AR,1627795800.0
bredasdorp,-34.5322,20.0403,53.28,93.0,84.0,5.75,ZA,1627796086.0
cortez,37.3489,-108.5859,65.52,77.0,1.0,6.91,US,1627796087.0
ilulissat,69.2167,-51.1,44.62,81.0,71.0,1.14,GL,1627796089.0
ribeira grande,38.5167,-28.7,71.04,86.0,87.0,8.68,PT,1627796090.0
barentsburg,,,,,,,,
hithadhoo,-0.6,73.0833,81.95,70.0,52.0,5.64,MV,1627796093.0
kuching,1.55,110.3333,93.42,59.0,40.0,3.44,MY,1627796094.0
east london,-33.0153,27.9116,70.74,16.0,0.0,6.91,ZA,1627796095.0
chokurdakh,70.6333,147.9167,50.54,49.0,74.0,14.38,RU,1627796097.0
cape town,-33.9258,18.4232,52.27,90.0,0.0,6.91,ZA,1627796065.0
coihaique,-45.5752,-72.0662,37.35,65.0,0.0,8.05,CL,1627796024.0
esperance,-33.8667,121.9,53.44,87.0,98.0,23.31,AU,1627796100.0
jose bonifacio,-21.0528,-49.6883,52.32,63.0,67.0,9.24,BR,1627796103.0
atar,20.5169,-13.0499,82.4,55.0,57.0,5.88,MR,1627796104.0
gigmoto,13.7796,124.39,90.07,64.0,94.0,13.76,PH,1627796106.0
iringa,-7.7667,35.7,55.45,83.0,71.0,8.79,TZ,1627796107.0
altus,34.6381,-99.334,83.71,66.0,1.0,6.91,US,1627796109.0
bambous virieux,-20.3428,57.7575,75.22,64.0,40.0,18.41,MU,1627796110.0
nishihara,26.1842,127.7558,89.26,87.0,75.0,16.11,JP,1627796112.0
new norfolk,-42.7826,147.0587,50.92,50.0,47.0,7.36,AU,1627796113.0
taolanaro,,,,,,,,
talnakh,69.4865,88.3972,53.55,85.0,94.0,11.07,RU,1627796115.0
ponta do sol,32.6667,-17.1,70.72,78.0,12.0,7.58,PT,1627796117.0
rock sound,24.9,-76.2,83.21,77.0,3.0,12.35,BS,1627796118.0
cidreira,-30.1811,-50.2056,53.51,92.0,100.0,8.72,BR,1627796119.0
saint-pierre,-21.3393,55.4781,74.88,54.0,0.0,0.0,RE,1627796121.0
kavaratti,10.5669,72.642,82.51,76.0,42.0,14.65,IN,1627796122.0
cabo san lucas,22.8909,-109.9124,84.61,78.0,83.0,1.61,MX,1627796124.0
riyaq,,,,,,,,
cururupu,-1.8283,-44.8683,72.93,94.0,24.0,2.21,BR,1627796126.0
lebu,-37.6167,-73.65,45.27,72.0,4.0,11.65,CL,1627796128.0
malanje,-9.5402,16.341,61.36,36.0,0.0,2.91,AO,1627796129.0
victoria,22.2855,114.1577,91.45,83.0,100.0,1.01,HK,1627795844.0
saskylakh,71.9167,114.0833,83.59,23.0,12.0,11.95,RU,1627796131.0
sola,-13.8833,167.55,76.39,67.0,69.0,12.17,VU,1627796133.0
veraval,20.9,70.3667,83.39,80.0,100.0,22.21,IN,1627796134.0
havre-saint-pierre,50.2334,-63.5986,53.96,100.0,90.0,4.61,CA,1627796135.0
tuktoyaktuk,69.4541,-133.0374,66.2,72.0,75.0,9.22,CA,1627796137.0
longlac,,,,,,,,
dingle,10.9995,122.6711,89.46,63.0,78.0,17.13,PH,1627796140.0
hilo,19.7297,-155.09,78.53,77.0,75.0,3.44,US,1627795782.0
nanuque,-17.8392,-40.3539,59.61,93.0,48.0,5.73,BR,1627796142.0
wuwei,37.9281,102.6414,90.97,19.0,74.0,9.71,CN,1627796143.0
hambantota,6.1241,81.1185,91.74,58.0,20.0,18.41,LK,1627796145.0
hofn,64.2539,-15.2082,52.65,87.0,57.0,5.82,IS,1627796146.0
kibre mengist,5.8833,38.9833,57.72,85.0,99.0,3.69,ET,1627796148.0
la libertad,-2.2333,-80.9,69.82,83.0,97.0,9.95,EC,1627796149.0
craig,40.5153,-107.5464,66.79,94.0,1.0,0.0,US,1627796150.0
muzhi,65.3667,64.6667,52.79,93.0,100.0,12.01,RU,1627796152.0
mabaruma,8.2,-59.7833,72.27,99.0,9.0,1.88,GY,1627796153.0
puerto el triunfo,13.2833,-88.55,80.76,82.0,77.0,3.78,SV,1627796154.0
cherskiy,68.75,161.3,48.7,59.0,100.0,15.23,RU,1627796156.0
ubrique,36.6778,-5.446,65.91,58.0,76.0,0.51,ES,1627796157.0
puerto escondido,15.85,-97.0667,80.37,84.0,73.0,6.55,MX,1627796159.0
hurghada,27.2574,33.8129,88.43,47.0,24.0,4.68,EG,1627796160.0
aklavik,68.2191,-135.0107,74.23,49.0,73.0,5.35,CA,1627796161.0
santa eulalia del rio,,,,,,,,
severo-kurilsk,50.6789,156.125,53.83,87.0,96.0,17.96,RU,1627796164.0
kapaa,22.0752,-159.319,84.18,77.0,40.0,1.99,US,1627796165.0
maniitsoq,65.4167,-52.9,48.83,72.0,60.0,8.93,GL,1627796166.0
praia da vitoria,38.7333,-27.0667,71.85,94.0,20.0,11.61,PT,1627796168.0
bairiki,1.3292,172.9752,84.2,70.0,40.0,9.22,KI,1627796169.0
ixtapa,20.7,-105.2,82.22,90.0,97.0,1.83,MX,1627796170.0
achisay,,,,,,,,
la ronge,55.1001,-105.2842,66.45,63.0,75.0,3.44,CA,1627796173.0
port blair,11.6667,92.75,84.7,77.0,100.0,20.49,IN,1627796174.0
umm durman,,,,,,,,
xining,36.6167,101.7667,81.25,32.0,55.0,4.52,CN,1627796177.0
thompson,55.7435,-97.8558,57.36,77.0,40.0,2.3,CA,1627796178.0
sao filipe,14.8961,-24.4956,74.55,87.0,75.0,10.42,CV,1627796180.0
anoka,45.2505,-93.2508,71.35,68.0,1.0,1.01,US,1627796181.0
pangnirtung,66.1451,-65.7125,45.32,82.0,47.0,2.24,CA,1627796182.0
los llanos de aridane,28.6585,-17.9182,67.75,89.0,40.0,20.71,ES,1627796096.0
tuzha,57.6062,47.936,72.61,50.0,4.0,11.9,RU,1627796185.0
lagoa,39.05,-27.9833,70.18,89.0,67.0,13.27,PT,1627796186.0
yar-sale,66.8333,70.8333,60.24,56.0,97.0,12.46,RU,1627796072.0
issaquah,47.5301,-122.0326,72.34,74.0,75.0,1.01,US,1627796061.0
lompoc,34.6391,-120.4579,63.1,86.0,1.0,3.44,US,1627796190.0
castro,-24.7911,-50.0119,43.36,97.0,100.0,2.42,BR,1627796191.0
kodiak,57.79,-152.4072,60.31,77.0,90.0,0.0,US,1627795960.0
tuatapere,-46.1333,167.6833,48.81,95.0,77.0,2.53,NZ,1627796064.0
bacong,9.2464,123.2956,91.38,57.0,79.0,8.99,PH,1627796195.0
tasiilaq,65.6145,-37.6368,42.96,80.0,38.0,4.23,GL,1627796197.0
avarua,-21.2078,-159.775,77.05,69.0,100.0,12.66,CK,1627796198.0
nalut,30.3333,10.85,86.41,15.0,0.0,5.82,LY,1627796199.0
upernavik,72.7868,-56.1549,43.99,74.0,100.0,8.72,GL,1627796201.0
ostersund,63.1792,14.6357,51.62,76.0,90.0,10.36,SE,1627796202.0
muzaffarpur,26.1167,85.4,82.33,66.0,82.0,12.3,IN,1627796203.0
nikolskoye,59.7035,30.7861,63.79,91.0,89.0,4.25,RU,1627796205.0
valreas,44.3837,4.9908,60.91,79.0,49.0,10.63,FR,1627796206.0
carnarvon,-24.8667,113.6333,68.07,58.0,75.0,9.22,AU,1627796208.0
erzin,36.9559,36.2,84.72,51.0,0.0,4.5,TR,1627796209.0
mrirt,,,,,,,,
honiara,-9.4333,159.95,79.12,84.0,98.0,1.99,SB,1627796212.0
saleaula,,,,,,,,
ciudad real,39.0,-4.0,62.11,56.0,33.0,1.99,ES,1627796214.0
nemuro,43.3236,145.575,70.23,99.0,100.0,15.68,JP,1627796099.0
lokosovo,61.1333,74.8167,66.87,52.0,47.0,7.92,RU,1627796217.0
abnub,27.2696,31.1511,92.07,17.0,7.0,1.3,EG,1627796219.0
naze,28.3667,129.4833,85.12,84.0,92.0,13.51,JP,1627796068.0
pimentel,-6.8367,-79.9342,64.0,85.0,13.0,3.0,PE,1627796221.0
hermanus,-34.4187,19.2345,53.8,81.0,54.0,10.8,ZA,1627796223.0
grand gaube,-20.0064,57.6608,75.38,61.0,1.0,8.99,MU,1627796224.0
amderma,,,,,,,,
dunedin,-45.8742,170.5036,51.8,86.0,100.0,1.99,NZ,1627796032.0
chapais,49.7834,-74.8492,51.58,89.0,91.0,3.8,CA,1627796228.0
klaksvik,62.2266,-6.589,47.32,77.0,100.0,10.6,FO,1627796101.0
dikson,73.5069,80.5464,42.04,100.0,100.0,5.28,RU,1627796005.0
dauriya,49.9333,116.8667,71.22,41.0,24.0,11.54,RU,1627796231.0
axim,4.8699,-2.2405,75.16,90.0,70.0,4.81,GH,1627796232.0
matagami,49.7502,-77.6328,53.71,82.0,1.0,9.22,CA,1627795954.0
yellowknife,62.456,-114.3525,70.29,72.0,20.0,6.91,CA,1627796221.0
ostrovnoy,68.0531,39.5131,51.3,78.0,34.0,4.9,RU,1627796236.0
namibe,-15.1961,12.1522,69.22,62.0,0.0,7.14,AO,1627796238.0
sentyabrskiy,,,,,,,,
meulaboh,4.1363,96.1285,80.44,80.0,100.0,4.14,ID,1627796240.0
hualmay,-11.0964,-77.6139,62.65,86.0,22.0,8.43,PE,1627796241.0
anito,12.4497,125.2886,93.29,52.0,97.0,7.31,PH,1627796243.0
weihai,37.5017,122.1136,79.77,80.0,15.0,3.94,CN,1627796244.0
santa vitoria do palmar,-33.5189,-53.3681,46.62,93.0,8.0,0.22,BR,1627796246.0
tautira,-17.7333,-149.15,75.0,64.0,90.0,13.73,PF,1627796247.0
mormugao,15.4,73.8,81.66,100.0,75.0,13.8,IN,1627796248.0
bethel,41.3712,-73.414,63.48,87.0,1.0,3.44,US,1627796250.0
illoqqortoormiut,,,,,,,,
wajima,37.4,136.9,81.28,89.0,40.0,3.44,JP,1627796252.0
esna,25.2934,32.554,95.72,14.0,94.0,3.47,EG,1627796254.0
comodoro rivadavia,-45.8667,-67.5,49.86,25.0,0.0,11.5,AR,1627796255.0
xuddur,4.1213,43.8894,76.3,65.0,98.0,24.85,SO,1627796257.0
sangre grande,10.5835,-61.1177,80.19,91.0,14.0,8.34,TT,1627796258.0
marcona,,,,,,,,
waipawa,-41.4122,175.5153,50.63,89.0,99.0,3.22,NZ,1627796260.0
zabaykalsk,49.6333,117.3167,70.48,44.0,27.0,10.45,RU,1627796262.0
hobbs,32.7026,-103.136,81.46,57.0,75.0,1.01,US,1627796263.0
coquimbo,-29.9533,-71.3436,47.93,93.0,21.0,3.44,CL,1627795996.0
nizhniy tsasuchey,50.5167,115.1333,73.13,38.0,48.0,6.67,RU,1627796266.0
gazanjyk,39.2446,55.5154,93.92,7.0,96.0,8.16,TM,1627796267.0
fort nelson,58.8053,-122.7002,69.39,73.0,20.0,3.44,CA,1627796268.0
koslan,63.4564,48.8989,59.32,89.0,98.0,6.98,RU,1627796270.0
college,64.8569,-147.8028,76.95,48.0,75.0,3.44,US,1627796271.0
bengkulu,-3.8004,102.2655,83.55,71.0,20.0,7.34,ID,1627796272.0
kano,12.0001,8.5167,75.09,94.0,20.0,5.75,NG,1627796274.0
cabadiangan,9.7531,122.4739,85.48,76.0,72.0,14.29,PH,1627796275.0
kisangani,0.5167,25.2,72.27,93.0,99.0,2.59,CD,1627796277.0
hihifo,,,,,,,,
butaritari,3.0707,172.7902,82.76,71.0,17.0,7.58,KI,1627796279.0
grand river south east,,,,,,,,
lavrentiya,65.5833,-171.0,41.2,92.0,100.0,5.01,RU,1627796282.0
kruisfontein,-34.0033,24.7314,54.61,36.0,92.0,7.43,ZA,1627796283.0
russell,32.3502,-85.1999,74.91,91.0,1.0,3.44,US,1627796284.0
ikeda,34.8221,135.4298,94.75,52.0,75.0,5.75,JP,1627796285.0
beri,25.9031,79.8902,81.63,82.0,93.0,17.43,IN,1627796287.0
kavieng,-2.5744,150.7967,84.02,66.0,21.0,4.99,PG,1627796288.0
portland,45.5234,-122.6762,77.36,67.0,75.0,1.01,US,1627795939.0
matola,-25.9622,32.4589,61.95,61.0,0.0,5.82,MZ,1627796291.0
nizhneyansk,,,,,,,,
mundo nuevo,18.7,-95.5,80.56,79.0,56.0,4.54,MX,1627796293.0
richards bay,-28.783,32.0377,61.09,51.0,20.0,7.29,ZA,1627796294.0
chowchilla,37.123,-120.2602,88.09,54.0,1.0,6.91,US,1627796296.0
torbay,47.6666,-52.7314,60.67,87.0,75.0,18.41,CA,1627796297.0
puerto ayora,-0.7393,-90.3518,71.55,92.0,5.0,7.0,EC,1627796299.0
luderitz,-26.6481,15.1594,66.96,28.0,0.0,13.78,NA,1627796300.0
aksarayskiy,46.7924,48.0119,85.95,28.0,68.0,6.4,RU,1627796301.0
san jose,37.3394,-121.895,68.36,78.0,20.0,6.91,US,1627796303.0
beisfjord,68.3751,17.5988,49.24,90.0,99.0,2.77,NO,1627796304.0
langsa,4.4683,97.9683,91.94,48.0,98.0,4.61,ID,1627796187.0
igarka,67.4667,86.5833,50.81,96.0,100.0,7.2,RU,1627796306.0
liling,27.6667,113.5,102.09,30.0,44.0,0.98,CN,1627796308.0
owando,-0.4819,15.8999,76.26,66.0,83.0,4.47,CG,1627796309.0
acajutla,13.5928,-89.8275,78.19,79.0,86.0,6.17,SV,1627796311.0
pevek,69.7008,170.3133,35.56,83.0,85.0,23.98,RU,1627796312.0
duxbury,42.0418,-70.6723,65.01,85.0,1.0,4.61,US,1627796313.0
akureyri,65.6835,-18.0878,46.33,100.0,20.0,0.0,IS,1627796315.0
hami,42.8,93.45,76.21,46.0,100.0,14.05,CN,1627796316.0
mahebourg,-20.4081,57.7,75.25,64.0,40.0,18.41,MU,1627796317.0
colborne,44.0001,-77.8828,58.71,89.0,100.0,10.47,CA,1627796319.0
leningradskiy,69.3833,178.4167,35.82,88.0,98.0,19.62,RU,1627796320.0
teahupoo,-17.8333,-149.2667,69.53,63.0,91.0,13.82,PF,1627796322.0
malisbong,,,,,,,,
imbituba,-28.24,-48.6703,57.81,87.0,100.0,5.84,BR,1627796324.0
chikwawa,-16.0335,34.8009,67.32,77.0,21.0,4.81,MW,1627796326.0
meadow lake,34.8014,-106.5436,71.31,65.0,96.0,5.21,US,1627796327.0
fortuna,40.5982,-124.1573,57.92,92.0,90.0,0.0,US,1627796328.0
mayumba,-3.432,10.6554,71.91,86.0,5.0,2.08,GA,1627796330.0
makakilo city,21.3469,-158.0858,80.92,62.0,1.0,6.91,US,1627796331.0
strezhevoy,60.7333,77.5889,66.18,50.0,11.0,2.93,RU,1627796333.0
chaplynka,46.3651,33.5403,78.8,42.0,4.0,5.12,UA,1627796334.0
mount isa,-20.7333,139.5,91.17,18.0,90.0,9.22,AU,1627796335.0
les cayes,18.2,-73.75,78.58,86.0,19.0,4.12,HT,1627796337.0
wolmaranstad,,,,,,,,
kalianget,-7.05,113.9333,85.44,58.0,21.0,9.55,ID,1627796339.0
thinadhoo,0.5333,72.9333,82.02,71.0,23.0,3.69,MV,1627796340.0
linhares,-19.3911,-40.0722,63.36,71.0,86.0,4.56,BR,1627796342.0
taft,31.7471,54.2088,84.15,18.0,75.0,6.91,IR,1627796343.0
geraldton,-28.7667,114.6,64.81,63.0,75.0,25.32,AU,1627796344.0
vardo,70.3705,31.1107,48.87,92.0,100.0,8.14,NO,1627796346.0
saint-philippe,-21.3585,55.7679,74.79,80.0,39.0,15.05,RE,1627796347.0
mount pleasant,32.7941,-79.8626,84.99,93.0,1.0,5.01,US,1627796349.0
broken hill,-31.95,141.4333,58.71,51.0,40.0,8.05,AU,1627796350.0
lorengau,-2.0226,147.2712,84.76,70.0,21.0,8.28,PG,1627796351.0
taree,-31.9,152.4667,82.33,30.0,2.0,8.05,AU,1627796353.0
omboue,-1.5746,9.2618,73.44,82.0,48.0,3.69,GA,1627796354.0
vila franca do campo,37.7167,-25.4333,70.21,88.0,97.0,5.35,PT,1627796355.0
belushya guba,,,,,,,,
riberalta,-10.9833,-66.1,64.47,51.0,13.0,2.21,BO,1627796358.0
sioux lookout,50.1001,-91.917,60.87,67.0,20.0,8.05,CA,1627796359.0
ketchikan,55.3422,-131.6461,59.47,94.0,65.0,2.44,US,1627796361.0
vao,-22.6667,167.4833,67.46,60.0,0.0,21.9,NC,1627796362.0
baza,37.4907,-2.7726,65.57,43.0,25.0,1.01,ES,1627796363.0
zhigansk,66.7697,123.3711,80.56,39.0,41.0,11.1,RU,1627796365.0
high level,58.5169,-117.136,68.11,83.0,1.0,0.0,CA,1627796366.0
ntcheu,-14.8203,34.6359,59.72,68.0,5.0,6.55,MW,1627796367.0
bowen,-20.0167,148.2333,82.62,69.0,4.0,11.07,AU,1627796369.0
karaul,,,,,,,,
mata,40.683,-7.4592,50.45,91.0,51.0,2.01,PT,1627796371.0
key largo,25.0865,-80.4473,84.97,69.0,23.0,10.18,US,1627796373.0
malakal,9.5334,31.6605,70.65,94.0,100.0,2.59,SS,1627796371.0
nyzy,50.7828,34.7844,80.24,45.0,3.0,6.73,UA,1627796375.0
port hedland,-20.3167,118.5667,78.85,27.0,1.0,6.91,AU,1627796376.0
potiskum,11.7091,11.0694,74.19,87.0,100.0,9.86,NG,1627796378.0
bone,51.9669,12.1396,60.71,86.0,100.0,5.66,DE,1627796379.0
rantepao,-2.9701,119.8978,73.98,94.0,88.0,2.89,ID,1627796380.0
saint george,37.1041,-113.5841,82.63,48.0,1.0,1.99,US,1627796382.0
harper,4.375,-7.7169,76.08,83.0,100.0,9.66,LR,1627796383.0
zaplyusye,,,,,,,,
vestmannaeyjar,63.4427,-20.2734,53.92,92.0,100.0,3.18,IS,1627796386.0
wanning,18.8003,110.3967,91.72,60.0,100.0,13.53,CN,1627796387.0
boende,-0.2167,20.8667,76.42,72.0,86.0,3.42,CD,1627796388.0
tura,25.5198,90.2201,75.4,98.0,100.0,4.52,IN,1627796390.0
neyshabur,36.2133,58.7958,79.79,14.0,1.0,4.16,IR,1627796391.0
svetlaya,46.5389,138.3297,65.21,90.0,100.0,13.8,RU,1627796393.0
kolokani,13.5728,-8.0339,74.37,86.0,100.0,7.92,ML,1627796394.0
slavyanka,42.8633,131.3847,76.19,91.0,80.0,18.59,RU,1627796096.0
mucsony,48.2667,20.6833,69.12,70.0,11.0,5.97,HU,1627796397.0
rongcheng,30.634,117.8517,92.64,59.0,3.0,4.92,CN,1627796398.0
vostok,46.4856,135.8833,83.75,48.0,84.0,6.29,RU,1627796399.0
saldanha,-33.0117,17.9442,48.25,86.0,32.0,5.06,ZA,1627796110.0
ciechanow,52.8814,20.62,69.85,64.0,90.0,6.17,PL,1627796402.0
saravan,39.7196,45.6483,70.45,49.0,17.0,5.17,AM,1627796403.0
ambo,-10.1308,-76.2047,54.19,92.0,53.0,1.59,PE,1627796404.0
teknaf,20.8624,92.3058,80.94,89.0,100.0,5.39,BD,1627796406.0
quatre cocos,-20.2078,57.7625,75.09,66.0,19.0,20.71,MU,1627796407.0
payo,-3.7508,103.6372,92.91,45.0,23.0,2.35,ID,1627796409.0
bratsk,56.1325,101.6142,70.29,59.0,100.0,7.58,RU,1627796138.0
hit,33.6416,42.8251,103.1,13.0,15.0,13.51,IQ,1627796411.0
abapo,-18.8333,-63.4667,61.79,30.0,100.0,4.72,BO,1627796413.0
vaitupu,,,,,,,,
valle de allende,26.9333,-105.4,76.84,43.0,69.0,4.9,MX,1627796415.0
hasaki,35.7333,140.8333,95.29,76.0,7.0,11.86,JP,1627796239.0
jalu,29.0331,21.5482,87.8,17.0,0.0,5.19,LY,1627796417.0
avera,33.194,-82.5271,82.71,67.0,25.0,6.02,US,1627796419.0
xichang,27.8964,102.2634,82.89,46.0,0.0,2.95,CN,1627796420.0
faanui,-16.4833,-151.75,77.2,67.0,64.0,15.86,PF,1627796422.0
rumford,44.5537,-70.5509,57.67,74.0,90.0,3.27,US,1627796423.0
colares,38.7992,-9.4469,64.29,76.0,36.0,10.0,PT,1627796424.0
kondopoga,62.2057,34.2614,62.28,58.0,9.0,7.0,RU,1627796426.0
nuristan,35.3,70.8333,59.56,55.0,8.0,8.28,AF,1627796427.0
marsh harbour,26.5412,-77.0636,83.05,75.0,17.0,11.43,BS,1627796428.0
tabou,4.423,-7.3528,75.61,85.0,99.0,7.85,CI,1627796430.0
jiddah,,,,,,,,
changji,44.0167,87.3167,77.79,36.0,0.0,4.47,CN,1627796432.0
clyde river,70.4692,-68.5914,37.63,93.0,90.0,4.61,CA,1627796434.0
kabwe,-14.4469,28.4464,57.18,76.0,0.0,10.87,ZM,1627796435.0
paka,4.6374,103.4368,82.33,89.0,20.0,0.0,MY,1627796436.0
puebla,18.8333,-98.0,59.0,82.0,81.0,6.04,MX,1627796212.0
saint anthony,45.0205,-93.218,71.22,60.0,1.0,1.99,US,1627796439.0
nguiu,,,,,,,,
ballina,-28.8667,153.5667,86.18,53.0,0.0,9.22,AU,1627796441.0
dalvik,65.9702,-18.5286,46.33,68.0,96.0,1.63,IS,1627796443.0
pisco,-13.7,-76.2167,62.65,82.0,90.0,3.44,PE,1627796444.0
el prat de llobregat,41.3278,2.0947,68.38,80.0,40.0,10.36,ES,1627796445.0
garowe,8.4054,48.4845,82.4,37.0,82.0,27.83,SO,1627796447.0
gat,31.61,34.7642,90.39,38.0,0.0,2.51,IL,1627796223.0
general roca,-39.0333,-67.5833,34.2,55.0,0.0,7.18,AR,1627796449.0
darlawn,24.0167,92.9,80.83,72.0,91.0,0.94,IN,1627796450.0
turayf,31.6725,38.6637,77.25,41.0,0.0,6.91,SA,1627796452.0
pacific grove,36.6177,-121.9166,62.71,89.0,1.0,1.01,US,1627796383.0
kapit,2.0167,112.9333,91.69,50.0,73.0,4.07,MY,1627796454.0
zarkos,39.6167,22.1333,70.0,64.0,0.0,0.0,GR,1627796456.0
yakeshi,49.2833,120.7333,58.77,87.0,100.0,9.86,CN,1627796457.0
kifri,34.6959,44.9661,104.49,12.0,1.0,9.19,IQ,1627796458.0
kashan,33.9831,51.4364,92.8,14.0,76.0,13.22,IR,1627796460.0
margate,51.3813,1.3862,59.95,91.0,50.0,1.99,GB,1627796461.0
carnot,4.9409,15.8665,69.76,96.0,97.0,2.59,CF,1627796462.0
bathsheba,13.2167,-59.5167,81.21,78.0,40.0,14.97,BB,1627796464.0
talcahuano,-36.7167,-73.1167,44.28,76.0,0.0,13.8,CL,1627796465.0
roros,62.5747,11.3842,44.44,81.0,90.0,18.41,NO,1627796467.0
svetlogorsk,52.6333,29.7333,69.78,81.0,95.0,5.79,BY,1627796468.0
storforshei,66.4043,14.5233,50.67,85.0,100.0,4.52,NO,1627796469.0
huambo,-12.7761,15.7392,51.31,42.0,0.0,0.78,AO,1627796471.0
olafsvik,64.8945,-23.7142,53.19,96.0,100.0,5.5,IS,1627796472.0
champerico,14.3,-91.9167,81.28,84.0,24.0,3.62,GT,1627796473.0
omaruru,-21.4333,15.9333,50.81,41.0,0.0,10.42,NA,1627796475.0
ardahan,41.1087,42.7022,66.31,62.0,7.0,2.46,TR,1627796476.0
beira,-19.8436,34.8389,62.69,94.0,20.0,3.44,MZ,1627796477.0
howard springs,-12.497,131.047,90.99,59.0,9.0,9.13,AU,1627796479.0
kungurtug,50.5994,97.5228,53.69,97.0,100.0,3.83,RU,1627796480.0
sabha,27.0377,14.4283,86.43,15.0,0.0,6.69,LY,1627796482.0
kamenskoye,,,,,,,,
constitucion,-35.3333,-72.4167,50.32,72.0,0.0,6.38,CL,1627796456.0
hanmer springs,-42.5167,172.8167,49.37,86.0,100.0,1.32,NZ,1627796485.0
gizo,-8.103,156.8419,80.85,78.0,76.0,17.18,SB,1627796487.0
lososina,48.9975,140.3106,58.8,86.0,100.0,11.36,RU,1627796488.0
salalah,17.0151,54.0924,77.09,100.0,90.0,6.91,OM,1627796489.0
along,28.1667,94.7667,82.62,84.0,88.0,2.62,IN,1627796491.0
bambari,5.768,20.6757,67.82,99.0,100.0,2.64,CF,1627796492.0
bafia,4.75,11.2333,69.26,97.0,100.0,0.87,CM,1627796493.0
naica,27.85,-105.4833,84.65,34.0,69.0,3.06,MX,1627796495.0
palmer,42.1584,-72.3287,58.37,85.0,40.0,0.0,US,1627796205.0
biak,-0.9131,122.8766,82.02,73.0,39.0,7.58,ID,1627796497.0
tiarei,-17.5333,-149.3333,75.0,65.0,91.0,15.9,PF,1627796499.0
tottori,35.5,134.2333,87.87,66.0,75.0,10.36,JP,1627796500.0
shimoda,34.6667,138.95,91.11,65.0,11.0,9.64,JP,1627796501.0
tumannyy,,,,,,,,
sitka,57.0531,-135.33,60.69,82.0,90.0,4.61,US,1627796504.0
batemans bay,-35.7167,150.1833,53.2,95.0,100.0,7.49,AU,1627796266.0
luau,-10.7073,22.2247,62.69,44.0,0.0,7.36,AO,1627796506.0
sokoto,13.0609,5.239,76.77,81.0,74.0,10.47,NG,1627796508.0
saint-francois,46.4154,3.9054,60.19,97.0,90.0,2.3,FR,1627796509.0
nenjiang,49.1833,125.2167,61.54,89.0,97.0,12.91,CN,1627796511.0
port lincoln,-34.7333,135.8667,58.35,58.0,16.0,15.68,AU,1627796512.0
mehamn,71.0357,27.8492,46.45,96.0,100.0,7.58,NO,1627796513.0
kazachinskoye,57.6953,93.2761,77.76,41.0,68.0,3.58,RU,1627796515.0
grindavik,63.8424,-22.4338,53.56,100.0,90.0,5.75,IS,1627796516.0
bin qirdan,33.1378,11.2197,90.01,28.0,1.0,6.64,TN,1627796517.0
espanola,35.9911,-106.0806,70.65,72.0,95.0,4.83,US,1627796519.0
kenora,49.8167,-94.4337,61.99,55.0,20.0,4.61,CA,1627796344.0
kumluca,36.3703,30.2869,94.44,34.0,0.0,3.98,TR,1627796521.0
adrar,20.5022,-10.0711,83.05,55.0,96.0,18.79,MR,1627796523.0
amapa,1.0,-52.0,69.82,99.0,89.0,1.14,BR,1627796524.0
port macquarie,-31.4333,152.9167,82.36,40.0,0.0,8.77,AU,1627796525.0
zapolyarnyy,69.4154,30.8136,51.08,85.0,100.0,4.34,RU,1627796527.0
shelburne,44.0787,-80.2041,61.27,100.0,99.0,6.29,CA,1627796528.0
aneho,6.2333,1.6,74.75,90.0,60.0,6.93,TG,1627796529.0
druzhba,52.0428,33.9453,76.53,54.0,85.0,8.97,UA,1627796531.0
predivinsk,57.0669,93.4378,77.59,41.0,95.0,3.67,RU,1627796532.0
te anau,-45.4167,167.7167,48.15,93.0,99.0,0.78,NZ,1627796533.0
maraa,-1.8333,-65.3667,73.67,70.0,100.0,2.33,BR,1627796535.0
asau,46.4333,26.4,77.4,56.0,0.0,2.51,RO,1627796536.0
tezu,27.9167,96.1667,85.89,80.0,80.0,2.82,IN,1627796538.0
santa catalina,9.3337,122.8637,85.59,74.0,89.0,11.27,PH,1627796539.0
pingshan,22.9938,114.7131,91.89,86.0,91.0,5.06,CN,1627796540.0
quang ngai,15.1167,108.8,99.79,40.0,97.0,8.75,VN,1627796542.0
potosi,-19.5836,-65.7531,36.36,84.0,100.0,3.76,BO,1627796543.0
port hardy,50.6996,-127.4199,57.38,94.0,1.0,5.75,CA,1627796545.0
barstow,34.8986,-117.0228,86.7,35.0,40.0,3.96,US,1627796546.0
ayni,39.3941,68.5377,79.66,38.0,60.0,3.4,TJ,1627796547.0
viesite,56.3475,25.5551,65.14,79.0,26.0,9.17,LV,1627796549.0
shirokiy,49.758,129.523,73.58,88.0,100.0,17.72,RU,1627796550.0
chuy,-33.6971,-53.4616,45.68,93.0,19.0,0.98,UY,1627796551.0
peniche,39.3558,-9.3811,62.73,90.0,23.0,9.78,PT,1627796553.0
labrea,-7.2586,-64.7981,68.77,58.0,3.0,2.15,BR,1627796554.0
port elizabeth,-33.918,25.5701,55.69,100.0,75.0,10.36,ZA,1627796447.0
susangerd,31.5608,48.1831,100.42,13.0,0.0,5.12,IR,1627796557.0
chernyshevskiy,63.0128,112.4714,80.37,27.0,10.0,5.64,RU,1627796558.0
slevik,,,,,,,,
borama,,,,,,,,
lincoln,40.8,-96.667,72.81,91.0,1.0,1.99,US,1627796263.0
sayville,40.7359,-73.0821,71.55,79.0,1.0,3.44,US,1627796320.0
codrington,-38.2667,141.9667,52.25,81.0,45.0,10.47,AU,1627796564.0
labutta,,,,,,,,
abu samrah,35.3029,37.1841,87.03,30.0,0.0,9.31,SY,1627796566.0
ngukurr,,,,,,,,
cockburn town,21.4612,-71.1419,82.31,78.0,10.0,21.16,TC,1627796569.0
alice town,25.7167,-79.3,85.71,71.0,24.0,13.04,BS,1627796570.0
pierre,44.3683,-100.351,69.28,72.0,1.0,7.0,US,1627796571.0
balikpapan,-1.2675,116.8289,82.11,73.0,100.0,8.61,ID,1627796573.0
tangara,-6.1994,-35.8017,71.83,78.0,48.0,10.31,BR,1627796574.0
myitkyina,25.3833,97.4,76.51,98.0,100.0,2.01,MM,1627796576.0
lima,-12.0432,-77.0282,61.05,87.0,90.0,9.22,PE,1627796577.0
fairbanks,64.8378,-147.7164,76.96,49.0,1.0,9.22,US,1627796463.0
gayny,60.3071,54.3241,68.43,63.0,80.0,9.35,RU,1627796580.0
elbistan,38.2059,37.1983,74.17,30.0,0.0,2.77,TR,1627796581.0
zlitan,32.4674,14.5687,87.67,35.0,0.0,4.74,LY,1627796582.0
bossembele,,,,,,,,
tilichiki,60.4667,166.1,57.61,46.0,85.0,7.94,RU,1627796585.0
anicuns,-16.4611,-49.9617,63.01,53.0,40.0,3.76,BR,1627796586.0
igrim,63.1906,64.4162,62.08,84.0,100.0,12.08,RU,1627796588.0
samusu,,,,,,,,
teya,60.3778,92.6267,77.65,33.0,49.0,2.08,RU,1627796590.0
nizhnyaya poyma,56.1622,97.1933,59.38,94.0,100.0,1.86,RU,1627796591.0
aguimes,27.9054,-15.4461,69.66,73.0,20.0,31.07,ES,1627796593.0
warqla,,,,,,,,
tramore,52.1624,-7.1524,54.18,83.0,47.0,5.01,IE,1627796595.0
yenagoa,4.9247,6.2642,74.3,91.0,91.0,3.24,NG,1627796597.0
puerto colombia,10.9878,-74.9547,82.49,82.0,3.0,17.92,CO,1627796598.0
alofi,-19.0595,-169.9187,73.29,100.0,99.0,8.05,NU,1627796599.0
burica,,,,,,,,
evensk,61.95,159.2333,51.53,79.0,98.0,3.74,RU,1627796602.0
otavi,-19.65,17.3333,51.12,40.0,0.0,11.65,NA,1627796603.0
kyra,49.5776,111.9753,72.48,49.0,40.0,4.03,RU,1627796605.0
souillac,-20.5167,57.5167,75.36,64.0,40.0,18.41,MU,1627796606.0
mangrul pir,20.3167,77.35,82.02,68.0,99.0,18.72,IN,1627796607.0
sukhoverkovo,,,,,,,,
conceicao da barra,-18.5933,-39.7322,66.07,68.0,76.0,9.19,BR,1627796325.0
mathbaria,22.2876,89.9593,80.71,90.0,99.0,9.28,BD,1627796612.0
santa cruz del sur,20.7147,-77.9956,78.08,92.0,60.0,11.65,CU,1627796613.0
pemangkat,1.1667,108.9667,86.22,69.0,22.0,15.17,ID,1627796614.0
darapidap,17.2131,120.4114,83.8,81.0,100.0,17.54,PH,1627796616.0
negara,-8.3151,114.6025,82.89,61.0,63.0,11.74,ID,1627796617.0
michigan city,41.7075,-86.895,72.91,90.0,1.0,4.61,US,1627796618.0
prince rupert,54.3161,-130.3201,56.89,100.0,90.0,3.44,CA,1627796356.0
lianyuan,27.6883,111.6642,99.95,40.0,87.0,3.11,CN,1627796621.0
misratah,32.3754,15.0925,86.14,49.0,0.0,3.47,LY,1627796622.0
clocolan,-28.9137,27.5656,45.32,29.0,1.0,2.77,ZA,1627796624.0
hovd,48.0056,91.6419,53.74,80.0,100.0,2.98,MN,1627796625.0
artyk,,,,,,,,
goure,13.9835,10.2704,80.02,63.0,77.0,8.79,NE,1627796627.0
villa alemana,-33.0422,-71.3733,60.04,93.0,29.0,4.61,CL,1627796629.0
marawi,7.9986,124.2928,87.66,49.0,50.0,3.56,PH,1627796630.0
ambulu,-8.345,113.6058,83.82,60.0,42.0,13.22,ID,1627796631.0
lachi,33.3833,71.3386,88.34,56.0,24.0,3.98,PK,1627796633.0
topchikha,52.8192,83.1185,81.18,32.0,61.0,7.49,RU,1627796634.0
lakes entrance,-37.8811,147.981,60.19,59.0,40.0,8.48,AU,1627796570.0
blythe,33.6103,-114.5964,99.05,28.0,1.0,8.05,US,1627796637.0
tahe,52.3333,124.7333,53.28,93.0,100.0,6.08,CN,1627796638.0
king city,36.2127,-121.126,81.23,56.0,0.0,3.36,US,1627796639.0
tablas,6.6292,122.1747,88.72,71.0,76.0,9.17,PH,1627796641.0
tabuk,17.4189,121.4443,91.38,58.0,100.0,2.89,PH,1627796642.0
sobolevo,54.4299,31.8996,63.41,92.0,100.0,5.55,RU,1627796644.0
vila velha,-20.3297,-40.2925,60.75,94.0,90.0,1.14,BR,1627796645.0
pokhara,28.2333,83.9833,80.67,84.0,87.0,5.97,NP,1627796647.0
borogontsy,62.6683,131.1683,87.21,24.0,0.0,3.87,RU,1627796648.0
blackfoot,43.1905,-112.345,72.41,80.0,72.0,6.76,US,1627796649.0
aporawan,,,,,,,,
touros,-5.1989,-35.4608,72.5,89.0,56.0,13.67,BR,1627796652.0
alta floresta,-9.8756,-56.0861,66.54,49.0,20.0,4.25,BR,1627796653.0
rungata,,,,,,,,
belaya gora,68.5333,146.4167,50.32,57.0,97.0,18.07,RU,1627796656.0
show low,34.2542,-110.0298,67.71,76.0,20.0,0.0,US,1627796657.0
mujiayingzi,42.1167,118.7833,66.9,73.0,100.0,11.21,CN,1627796658.0
palabuhanratu,,,,,,,,
inhambane,-23.865,35.3833,55.38,100.0,20.0,0.0,MZ,1627796661.0
bhimavaram,16.5333,81.5333,92.89,45.0,100.0,15.43,IN,1627796662.0
barbar,,,,,,,,
kathu,7.9178,98.3332,84.02,80.0,100.0,20.27,TH,1627796665.0
danshui,22.7984,114.4672,91.08,77.0,93.0,4.65,CN,1627796666.0
alyangula,-13.8483,136.4192,84.07,74.0,75.0,4.61,AU,1627796667.0
oxbow,49.2333,-102.1676,60.75,47.0,5.0,10.96,CA,1627796669.0
oriximina,-1.7656,-55.8661,71.24,96.0,65.0,2.73,BR,1627796670.0
moramanga,-18.9333,48.2,54.55,91.0,85.0,3.29,MG,1627796671.0
tingi,-11.3,35.0333,59.76,74.0,58.0,5.19,TZ,1627796673.0
cap malheureux,-19.9842,57.6142,75.47,61.0,1.0,13.0,MU,1627796674.0
zhangye,38.9342,100.4517,92.93,16.0,89.0,13.13,CN,1627796675.0
tazovskiy,67.4667,78.7,59.54,57.0,74.0,9.84,RU,1627796677.0
rio grande,-32.035,-52.0986,50.04,94.0,3.0,4.14,BR,1627796678.0
viedma,-40.8135,-62.9967,39.76,69.0,0.0,9.31,AR,1627796680.0
taoudenni,22.6783,-3.9836,93.43,29.0,3.0,9.15,ML,1627796681.0
bulgan,48.8125,103.5347,66.02,67.0,100.0,4.65,MN,1627796682.0
jablanica,43.6603,17.7617,69.93,37.0,1.0,4.7,BA,1627796684.0
yumen,40.2833,97.2,85.15,19.0,99.0,3.6,CN,1627796685.0
staroshcherbinovskaya,46.6311,38.6742,87.73,41.0,12.0,6.6,RU,1627796686.0
verkhoyansk,67.5447,133.385,73.13,34.0,8.0,14.0,RU,1627796688.0
lancaster,40.2504,-76.2499,65.89,87.0,1.0,4.61,US,1627796689.0
sibolga,1.7427,98.7792,81.05,80.0,99.0,5.55,ID,1627796690.0
geresk,,,,,,,,
urubicha,-15.3833,-62.95,65.52,49.0,23.0,2.91,BO,1627796693.0
sisimiut,66.9395,-53.6735,50.14,73.0,79.0,5.84,GL,1627796694.0
half moon bay,37.4636,-122.4286,67.82,85.0,1.0,1.01,US,1627796696.0
andilamena,-17.0167,48.5833,57.36,85.0,89.0,9.4,MG,1627796697.0
wulanhaote,,,,,,,,
eldorado,-23.7869,-54.2836,52.09,89.0,100.0,4.79,BR,1627796699.0
sayyan,15.1718,44.3244,70.41,39.0,58.0,3.11,YE,1627796701.0
bakchar,57.0186,82.0711,66.94,71.0,58.0,7.23,RU,1627796702.0
lisakovsk,52.5369,62.4936,86.7,38.0,17.0,15.03,KZ,1627796704.0
casablanca,33.5928,-7.6192,68.22,78.0,10.0,7.29,MA,1627796644.0
usevya,-7.1,31.2333,69.28,51.0,2.0,11.54,TZ,1627796706.0
sirajganj,24.45,89.7167,85.21,78.0,100.0,11.92,BD,1627796707.0
gold coast,-28.0,153.4333,81.45,69.0,0.0,7.0,AU,1627796709.0
batagay,67.6333,134.6333,71.06,34.0,31.0,11.07,RU,1627796710.0
yatou,37.15,122.3833,84.94,67.0,2.0,9.15,CN,1627796711.0
primero de enero,21.9469,-78.4283,82.26,94.0,10.0,5.26,CU,1627796713.0
urumqi,43.801,87.6005,76.15,36.0,0.0,4.47,CN,1627796714.0
porto calvo,-9.045,-35.3983,74.55,90.0,52.0,13.0,BR,1627796715.0
sambava,-14.2667,50.1667,73.45,64.0,55.0,13.4,MG,1627796717.0
yigou,35.8114,114.3167,87.75,58.0,11.0,14.45,CN,1627796718.0
lolua,,,,,,,,
bandarbeyla,9.4942,50.8122,84.74,49.0,86.0,25.79,SO,1627796721.0
kieta,-6.2167,155.6333,81.55,83.0,63.0,7.65,PG,1627796722.0
rosario,-32.9468,-60.6393,46.83,76.0,0.0,2.3,AR,1627796724.0
san policarpo,12.1791,125.5072,91.6,58.0,99.0,4.09,PH,1627796725.0
srednekolymsk,67.45,153.6833,41.09,91.0,100.0,18.68,RU,1627796726.0
kahului,20.8947,-156.47,78.82,72.0,1.0,23.02,US,1627796728.0
laguna,38.421,-121.4238,85.82,52.0,1.0,1.01,US,1627796729.0
carbondale,37.7273,-89.2168,74.98,91.0,90.0,6.91,US,1627796731.0
salinopolis,-0.6136,-47.3561,75.65,88.0,45.0,1.23,BR,1627796732.0
waitati,-45.75,170.5667,51.8,86.0,100.0,0.74,NZ,1627796733.0
kiunga,-6.1219,141.2906,84.02,71.0,91.0,2.42,PG,1627796735.0
shenjiamen,29.9576,122.298,81.01,86.0,88.0,0.94,CN,1627796736.0
kikwit,-5.041,18.8162,74.73,27.0,13.0,0.94,CD,1627796737.0
kargasok,59.0556,80.8572,60.89,70.0,100.0,5.14,RU,1627796739.0
nanakuli,21.3906,-158.1547,82.35,61.0,1.0,6.91,US,1627796740.0
halifax,44.6453,-63.5724,57.69,85.0,18.0,4.61,CA,1627796592.0
knysna,-34.0363,23.0471,50.38,63.0,82.0,4.09,ZA,1627796742.0
tyrma,50.0833,132.1667,75.54,67.0,94.0,11.1,RU,1627796744.0
mbekenyera,-10.0,38.9833,75.87,55.0,10.0,7.29,TZ,1627796745.0
dolores,-36.3132,-57.6792,40.12,92.0,0.0,5.77,AR,1627796747.0
miri,4.4148,114.0089,89.74,70.0,40.0,9.22,MY,1627796748.0
alice springs,-23.7,133.8833,74.21,21.0,0.0,11.99,AU,1627796749.0
tiruttani,13.177,79.6128,90.39,34.0,99.0,15.12,IN,1627796751.0
workington,54.6425,-3.5441,59.32,81.0,99.0,9.64,GB,1627796752.0
lakatoro,-16.0999,167.4164,74.64,58.0,97.0,11.41,VU,1627796753.0
karratha,-20.7377,116.8463,73.58,32.0,2.0,6.53,AU,1627796755.0
viet tri,21.3019,105.4308,82.35,85.0,100.0,2.8,VN,1627796756.0
oranjemund,-28.55,16.4333,65.16,26.0,1.0,9.01,NA,1627796758.0
locri,38.2414,16.2623,93.11,36.0,10.0,10.36,IT,1627796759.0
fevralsk,,,,,,,,
kaeo,-35.1,173.7833,58.32,77.0,70.0,2.42,NZ,1627796762.0
leninskoye,41.7589,69.3864,91.18,17.0,90.0,8.3,KZ,1627796763.0
sorland,67.667,12.6934,48.9,74.0,100.0,12.75,NO,1627796764.0
xiaoweizhai,26.1903,107.5125,90.37,47.0,34.0,5.77,CN,1627796766.0
lawton,34.6087,-98.3903,82.81,75.0,1.0,3.44,US,1627796486.0
lucapa,-8.4192,20.7447,63.84,31.0,4.0,5.48,AO,1627796768.0
malatya,38.5,38.0,77.05,34.0,0.0,4.61,TR,1627796770.0
barra do corda,-5.5,-45.25,76.01,60.0,67.0,7.87,BR,1627796771.0
boa vista,2.8197,-60.6733,76.98,94.0,40.0,3.44,BR,1627796772.0
soma,39.1855,27.6094,84.38,32.0,0.0,6.02,TR,1627796774.0
tambovka,50.0969,128.0489,57.31,93.0,99.0,14.7,RU,1627796775.0
kamaishi,39.2667,141.8833,79.75,90.0,97.0,4.88,JP,1627796776.0
karakendzha,,,,,,,,
kaura namoda,12.5898,6.5779,73.54,91.0,55.0,8.63,NG,1627796779.0
ephrata,40.1798,-76.1788,66.43,82.0,1.0,4.61,US,1627796506.0
sataua,,,,,,,,
toribio,2.9548,-76.2684,60.26,84.0,30.0,6.38,CO,1627796783.0
haibowan,,,,,,,,
arya,33.6,73.0667,89.24,61.0,46.0,4.0,PK,1627796785.0
oussouye,12.485,-16.5469,75.38,90.0,100.0,8.39,SN,1627796787.0
bull savanna,17.8868,-77.5902,77.04,84.0,18.0,5.68,JM,1627796788.0
galiwinku,,,,,,,,
menongue,-14.6585,17.691,48.96,46.0,0.0,4.85,AO,1627796791.0
hamilton,39.1834,-84.5333,65.08,89.0,1.0,0.0,US,1627796368.0
mitsamiouli,-11.3847,43.2844,77.56,67.0,3.0,11.9,KM,1627796793.0
worthington,40.0931,-83.018,67.95,87.0,1.0,5.75,US,1627796794.0
tomigusuku,26.185,127.675,89.73,82.0,40.0,18.41,JP,1627796796.0
norman wells,65.282,-126.8329,69.84,64.0,75.0,2.3,CA,1627796797.0
kanungu,-0.9575,29.7897,68.0,43.0,39.0,7.23,UG,1627796799.0
cutro,39.0353,16.9819,84.4,28.0,0.0,4.94,IT,1627796800.0
kenai,60.5544,-151.2583,62.69,82.0,1.0,8.05,US,1627796801.0
thetford mines,46.0913,-71.3013,51.22,79.0,94.0,4.59,CA,1627796803.0
ayan,56.45,138.1667,61.75,68.0,45.0,16.6,RU,1627796804.0
rawannawi,,,,,,,,
bintulu,3.1667,113.0333,90.01,70.0,40.0,4.61,MY,1627796806.0
imeni poliny osipenko,52.4201,136.4853,51.84,94.0,100.0,6.44,RU,1627796808.0
manuk mangkaw,4.8,119.85,84.67,73.0,19.0,13.13,PH,1627796809.0
opuwo,-18.0607,13.84,53.26,31.0,0.0,9.15,NA,1627796811.0
wad rawah,15.1603,33.1397,77.04,72.0,99.0,12.82,SD,1627796812.0
karpathos,35.507,27.2132,80.56,89.0,0.0,17.27,GR,1627796813.0
beringovskiy,63.05,179.3167,47.75,73.0,95.0,6.46,RU,1627796815.0
cam pha,,,,,,,,
utiroa,,,,,,,,
mackay,-21.15,149.2,81.68,61.0,33.0,14.97,AU,1627796818.0
sinnamary,5.3833,-52.95,77.7,86.0,91.0,6.71,GF,1627796820.0
forestville,38.8451,-76.875,73.49,82.0,75.0,5.75,US,1627796821.0
